id,customer_name,country
1,John Smith,Canada
2,Emma Johnson,Germany
3,Liam Brown,Canada
4,Olivia Davis,Japan
5,Noah Wilson,South Korea
6,Sophia Moore,Canada
7,James Taylor,Italy
8,Isabella Anderson,France
9,Benjamin Thomas,Italy
10,Mia Jackson,France
11,Lucas White,France
12,Charlotte Harris,Italy
13,Henry Martin,USA
14,Amelia Thompson,Brazil
15,Alexander Garcia,South Korea
16,Evelyn Martinez,Brazil
17,Daniel Robinson,Australia
18,Harper Clark,Brazil
19,Matthew Rodriguez,Canada
20,Abigail Lewis,Canada
21,David Lee,Japan
22,Ella Walker,Brazil
23,Joseph Hall,Italy
24,Scarlett Allen,South Korea
25,Samuel Young,Italy
26,Grace King,Brazil
27,Andrew Wright,Japan
28,Chloe Scott,Japan
29,Christopher Green,USA
30,Victoria Adams,Germany
31,Joshua Baker,India
32,Lily Nelson,South Korea
33,Nathan Carter,Italy
34,Hannah Mitchell,India
35,Ryan Perez,Japan
36,Zoey Roberts,France
37,Jack Turner,South Korea
38,Aria Phillips,Germany
39,Sebastian Campbell,Germany
40,Nora Parker,Canada
41,Owen Evans,Canada
42,Layla Edwards,Australia
43,Gabriel Collins,Italy
44,Avery Stewart,France
45,Julian Sanchez,France
46,Riley Morris,Italy
47,Levi Rogers,Australia
48,Aurora Reed,Japan
49,Isaac Cook,Australia
50,Penelope Morgan,Italy
51,John Smith,Canada
52,Emma Johnson,Germany
53,Liam Brown,Canada
54,Olivia Davis,Japan
55,Noah Wilson,South Korea
56,Sophia Moore,Canada
57,James Taylor,Italy
58,Isabella Anderson,France
59,Benjamin Thomas,Italy
60,Mia Jackson,France
61,Lucas White,France
62,Charlotte Harris,Italy
63,Henry Martin,USA
64,Amelia Thompson,Brazil
65,Alexander Garcia,South Korea
66,Evelyn Martinez,Brazil
67,Daniel Robinson,Australia
68,Harper Clark,Brazil
69,Matthew Rodriguez,Canada
70,Abigail Lewis,Canada
71,David Lee,Japan
72,Ella Walker,Brazil
73,Joseph Hall,Italy
74,Scarlett Allen,South Korea
75,Samuel Young,Italy
76,Grace King,Brazil
77,Andrew Wright,Japan
78,Chloe Scott,Japan
79,Christopher Green,USA
80,Victoria Adams,Germany
81,Joshua Baker,India
82,Lily Nelson,South Korea
83,Nathan Carter,Italy
84,Hannah Mitchell,India
85,Ryan Perez,Japan
86,Zoey Roberts,France
87,Jack Turner,South Korea
88,Aria Phillips,Germany
89,Sebastian Campbell,Germany
90,Nora Parker,Canada
91,Owen Evans,Canada
92,Layla Edwards,Australia
93,Gabriel Collins,Italy
94,Avery Stewart,France
95,Julian Sanchez,France
96,Riley Morris,Italy
97,Levi Rogers,Australia
98,Aurora Reed,Japan
99,Isaac Cook,Australia
100,Penelope Morgan,Italy
